betsy.20.16,annalilymay
betsy.20.16,daria.p333
betsy.20.16,rukiinoordeen
betsy.20.16,phoebe.overton
betsy.20.16,lilimeron__
betsy.20.16,_charlottecallaghan_
annalilymay,cescaglanville
annalilymay,betsy.20.16
ela_bayatli,reyna.n__
ohvmaa,a1ex_read
ohvmaa,benderplusgf
anika.bisaria,_tal1th4_
anika.bisaria,lydiagglass
anika.bisaria,milen.john
anika.bisaria,smaddie06
anika.bisaria,ang3lalou
anika.bisaria,maia.521
leilasavant,hana_deruijter
steirnon,quailly_8
steirnon,okayitsr
steirnon,ktdnht
steirnon,kiiz_88
steirnon,xc1audia
steirnon,scatenthusiast
steirnon,6lewn
steirnon,keir_a999
ktdnht,steirnon
ktdnht,rose.amberrrr
aydensherwani,avocadoisgreenbutter
ruxhui,archerysong
ruxhui,put1s
hophopcarrot,maddy_folan2
hophopcarrot,soul4ater
hophopcarrot,_a.k.s.7_
hophopcarrot,charlottepattenn
hophopcarrot,wxr._.rxn
ndrcvr0005,m.hasan379
forbiddenswagger,soapsplinter
forbiddenswagger,nazarova_sojida
forbiddenswagger,sicsadwrld
forbiddenswagger,lofocu
forbiddenswagger,thenticoffen
forbiddenswagger,motosserrashawty
forbiddenswagger,youmaylivetosee
forbiddenswagger,jerkymacjerkface
forbiddenswagger,hauntaholic_2004
forbiddenswagger,1joonaa
forbiddenswagger,frickdilllon
forbiddenswagger,xiadiaddas
forbiddenswagger,travi.h.uss
_tal1th4_,pip_ben456
annalilymay,cescaglanville
annalilymay,betsy.20.16
scumfuckflowergyal,ari.b3ll
scumfuckflowergyal,ang3lalou
scumfuckflowergyal,benderplusgf
scumfuckflowergyal,maia.521
scumfuckflowergyal,a1ex_read
metalanddrain,pitsaleh
isla_hornby,ameliaawheeler
osiris.steppa,goehgihuyiii
noya_kohavi,rose_plottel
vorpalbladee,apiplap
vorpalbladee,rip_bladee
vorpalbladee,izzy.__.priv
karishmabdr,pattyuriaa
karishmabdr,kat__ryan
karishmabdr,til__cw
karishmabdr,clarapounderr
karishmabdr,thea_metreweli
luckygoldengun,rufus_doofus_goodman
ihatelilnourii,pitsaleh
betsy.20.16,rukiinoordeen
betsy.20.16,phoebe.overton
betsy.20.16,lilimeron__
betsy.20.16,daria.p333
betsy.20.16,_charlottecallaghan_
betsy.20.16,annalilymay
zeevox,erick.jian
oliviamohler.masclet,emilyerftenbeck
oliviamohler.masclet,lmallgrave
oliviamohler.masclet,mesa_musings
oliviamohler.masclet,moschoonhoven
oliviamohler.masclet,karenhweinberger
oliviamohler.masclet,gillou_cls
oliviamohler.masclet,tmai2180
oliviamohler.masclet,rachelbrooks17
oliviamohler.masclet,katherinehamaker
clemmiebaker,louise_owen_
benderplusgf,lydiagglass
benderplusgf,astridc.o
benderplusgf,pitsaleh
benderplusgf,juliiflesh
benderplusgf,maia.541
benderplusgf,ohvmaa
benderplusgf,superradgarfielddad
benderplusgf,a1ex_read
sub2districtyt,jack_am17
sub2districtyt,luckygoldengun
sub2districtyt,fintan_delaney
sub2districtyt,jplatt_
sub2districtyt,sashamyshkinafilm
sub2districtyt,manguman22
sub2districtyt,rufus_doofus_goodman
sub2districtyt,shyam676_
sub2districtyt,whomas._
sub2districtyt,tabulaekeyboards
sub2districtyt,chapplh_451
sub2districtyt,rexweberbrown
sub2districtyt,gpdc24
chaoticbubbling,archerysong
chaoticbubbling,ryanbranker
chaoticbubbling,drewnnie
chaoticbubbling,anujm_
chaoticbubbling,iqrahusssain
chaoticbubbling,zaynab_buxz2
gennytastic,kj.gilbert325
isab3lle_m,vxnya
isab3lle_m,slowtowntellexx
frangreenhalghh,agn3sb
frangreenhalghh,21.12lara
frangreenhalghh,lilykarbassi
frangreenhalghh,jacksonmannerss
cocoashark3y,maria.quintanilha
cocoashark3y,leilasavant
danlmharden,spammmm2t2
avocadoisgreenbutter,julazierska
avocadoisgreenbutter,tommyparkinsonn
avocadoisgreenbutter,lucas_is_on_fire
avocadoisgreenbutter,scarlettpch_
sidpatnaik18,spammmm2t2
sidpatnaik18,gpdc24
euan.hicking_,cc_kinkead
euan.hicking_,finlay_s_stan
_moss._.hoe_,hector_kay_s
_moss._.hoe_,ara_seyi
_moss._.hoe_,billiejoejpg
_moss._.hoe_,bianca.maria.rosa
_moss._.hoe_,eth.ch
_moss._.hoe_,gpdc24
_moss._.hoe_,juliegallichantodd
_moss._.hoe_,lordvy.a
fionnd6,_mushki
moxuannn,natebottomley
moxuannn,williamfreebairnn
ailish.yng,hannahswiseman
ailish.yng,tilda_genieser
ailish.yng,clairepalud
ailish.yng,gracerxv
acertainmoose,rexweberbrown
acertainmoose,ollie_burt21
acertainmoose,manguman22
_nathanfairclough,pip_ben456
_nathanfairclough,spsmids
_nathanfairclough,spammmm2t2
hannahswiseman,yagmur.kav
hannahswiseman,mikaya_a
mikaya_a,hannahswiseman
mikaya_a,milen.john
mikaya_a,ailish.yng
mikaya_a,zoemcdonald__
mikaya_a,tisya_g
charl1edge,mayaapilkingtonn
charl1edge,_tillymclean
_emilyrimmer,gaby.timmons
_emilyrimmer,sumi.iwa
_emilyrimmer,flossie__smith
roxana.stacey,christian_hoasjoe
gardnew_,v.ivienne._
elabayatli,mialee0217
elabayatli,jiuxin_77
rainfenton,georgia._.quinn
rainfenton,giulia.frac
rainfenton,ar1ana.murphy
rainfenton,laurenhodgins
rainfenton,zoe.mossios
aidan.meadows,liftyee_
aidan.meadows,manguman22
aidan.meadows,_leobalick
aidan.meadows,davidefornii
aidan.meadows,miaradjenovic__
aidan.meadows,vic.makes.stuff
aidan.meadows,charlie.white7
marnie.shaw,emilyyconstantino
smallmakandtherat,milen.john
smallmakandtherat,yagmur.kav
smallmakandtherat,sienna.xd
smallmakandtherat,beathebermuda
gracerxv,_tal1th4_
gracerxv,pri.sha.03
gaby.timmons,aysha.mcgregor
gaby.timmons,_alexmouf_
gpdc24,_alexmouf_
ar1ana.murphy,alexaand3rson
ar1ana.murphy,6hoorain
ar1ana.murphy,issy.sgt
bella_egstrand,milen.john
bella_egstrand,hannahswiseman
bella_egstrand,willpalmerr_
bella_egstrand,smaddie06
bella_egstrand,ohvmaa
bella_egstrand,tisya_g
_charlottecallaghan_,betsy.20.16
_charlottecallaghan_,annalilymay
_charlottecallaghan_,ar1ana.murphy
_charlottecallaghan_,rivirosa444
graceconstablee,isobel.j123
graceconstablee,athenadarl
georgia._.quinn,zoe.mossios
georgia._.quinn,maria.quintanilha
soyabeanz_,liftyee_
soyabeanz_,jplatt_
ryubread_,_tal1th4_
ryubread_,milen.john
ryubread_,acertainmoose
mahin_mehta,manguman22
mirabhattt,lydiagglass
mirabhattt,ang3lalou
mirabhattt,clairepalud
mirabhattt,ohvmaa
mirabhattt,maia.521
mirabhattt,tisya_g
milen.john,hannahswiseman
milen.john,_tal1th4_
milen.john,sashamyshkinafilm
milen.john,ang3lalou
milen.john,clairepalud
milen.john,ohvmaa
milen.john,anika.bisaria
milen.john,gracerxv
smaddie06,hannahswiseman
smaddie06,_charlottecallaghan_
smaddie06,anika.bisaria
smaddie06,zoemcdonald__
smaddie06,sophiabehroun66
juliegallichantodd,gaby.timmons
juliegallichantodd,aamber.simon
juliegallichantodd,_alexmouf_
juliegallichantodd,ela_bayatli
fat_fduck_food,sebastian_harker1_
fat_fduck_food,simonweberbrown
fat_fduck_food,soyabeanz_
fat_fduck_food,cill_k11
fat_fduck_food,luckygoldengun
fat_fduck_food,liftyee_
fat_fduck_food,doobydobap
fat_fduck_food,rufus_doofus_goodman
fat_fduck_food,nabil._.a
fat_fduck_food,jplatt_
fat_fduck_food,_alexmouf_
fat_fduck_food,pradeepellepola
fat_fduck_food,acertainmoose
fat_fduck_food,sabine.stanford
_danyalnaqvi_,willpalmerr_
_danyalnaqvi_,prince0.k
_danyalnaqvi_,enzo.beattie
tomi_lombi,lqrryle
tomi_lombi,abbynewmark_
tomi_lombi,vit_vitaloni
tomi_lombi,mishagreshnev
gnomadlad,goldarosheuvel
gnomadlad,naok1.aso
flanf_,teamtaintz
flanf_,abcdzyxw000
middlestarch,z0zcar
middlestarch,aliyahserena
middlestarch,vita_g_r
alexeyklekovkin,thomasaowens
james_borrie_conjuring,toomas_cerulean_ice
simon_moretti,mathew_weir
simon_moretti,studiopeterliversidge
simon_moretti,englandcogallery
simon_moretti,fionabannerakathevanitypress
gabehoffman_,natebottomley
gabehoffman_,marcosicheri
gabehoffman_,davidefornii
gabehoffman_,jonahcollett
cill_k11,liftyee_
cill_k11,rufus_doofus_goodman
cill_k11,lorl.o
cill_k11,whomas._
bobby.sice,natebottomley
inglis501,natebottomley
inglis501,danlmharden
inglis501,liftyee_
inglis501,bobby.sice
inglis501,shyam676_
inglis501,gpdc24
_euanlim,thomasaowens
rohan_suri5,pip_ben456
alecthemt,liftyee_
alecthemt,johnm_1879
alecthemt,conradgardey
alecthemt,gpdc24
ollieodonohoe,conradgardey
ollieodonohoe,warrenlowe_
vic.makes.stuff,rexweberbrown
vic.makes.stuff,rufus_doofus_goodman
vic.makes.stuff,jplatt_
vic.makes.stuff,manguman22
vic.makes.stuff,louis_lvrh__
vic.makes.stuff,samgrosz
luke_mag8,jasonsfootballpage
pradeepellepola,dillon.ra
archer.hitch23,natebottomley
archer.hitch23,rexweberbrown
archer.hitch23,charlie.white7
armannedungadi,alexis_bouverot
rexweberbrown,cill_k11
rexweberbrown,pip_ben456
tdo_cl,soyabeanz_
archiegee64,yianni_paleo
liftyee_,rexweberbrown
liftyee_,m.hasan379
liftyee_,jplatt_
liftyee_,manguman22
liftyee_,avocadoisgreenbutter
liftyee_,hanjas8
liftyee_,aidan.meadows
liftyee_,moxuannn
rorywalter_1456,willpalmerr_
rorywalter_1456,_lucaspayne
rorywalter_1456,freddiekqtz
rorywalter_1456,andrew_14_05
williamfreebairnn,jack_kanareck
williamfreebairnn,moxuannn
billy_.davies,rufus_doofus_goodman
billy_.davies,whomas._
zach.tydeman,judyble14
zach.tydeman,_guysilver_
zach.tydeman,zakihashmi123
paulheberpercy,simon_moretti
paulheberpercy,miss.penelope.dog
paulheberpercy,mattwilliams3101
_rohan6_,jbrooks5909
jjamiemarks,xander_sz
jjamiemarks,michael._gough
h_webber_,natebottomley
_lucaspaccatrosi,shivam._.sangani
christian_hoasjoe,williamfreebairnn
christian_hoasjoe,darsh_rwp
christian_hoasjoe,liam.fawn
_mushki,abs_kg03
_mushki,zakihashmi123
felix__adler,henriettenaylor
felix__adler,freyabearn
felix__adler,_stellapage_
felix__adler,vedantlohia04
felix__adler,char1ie.bach
felix__adler,kaden.pradhan
felix__adler,sohan_vohra
felix__adler,flynncarsensgf
